priority,title,text,Line,divider,address,latitude,longitude,link,type,tags,image,latitude,longitude,Produce content (could they hold a workshop at your thing),,For hvem/m√•lgruppen,expired
1,Mux,"MUX er en frivillig forening, som s√∏ger at udfordre og udvide m√•den at g√• til livekoncerter p√•. M√•let er at skabe en musikalsk helhedsoplevelse ved hj√¶lp af andre √¶stetiske elementer s√•som kunst, lys og performance. 
Gennem tv√¶rg√•ende samarbejder √∏nsker MUX at fremme det aarhusianske musikv√¶kstlag samt andre upcomings inden for det kunstneriske milj√∏. Ved at udnytte potentialet i de forskellige venues, Aarhus tilbyder, pr√¶senterer MUX events med forskellige √¶stetiske udtryk og sanselige oplevelser. 
",TRUE,,N/A,N/A,N/A,https://www.facebook.com/MUX8000/,,,,,,,,,
2,De Unge Ravne,"Unge Ravne er Natteravnenes frivillige ungdomsindsats. Det er unge mellem 20-30 √•r, som br√¶nder for at g√∏re en forskel for andre unge ved at g√∏re nattelivet til et tryggere sted. Unge Ravne er der, hvor de unge er. I weekenden og til store events kan man derfor m√∏de dem b√•de p√• gaderne og de barer og klubber, hvor unge fester. 
Unge Ravne er de unges √¶dru ven i byen. De bruger deres egne erfaringer fra nattelivet til at m√∏de andre unge i √∏jenh√∏jde. De frivillige er uddannet i konflikth√•ndtering og f√∏rstehj√¶lp og er derfor godt kl√¶dt p√• til at hj√¶lpe, n√•r de unge fx er kommet til skade, har mistet deres venner eller har f√•et for meget at drikke.  
Som frivillig i Unge Ravne bliver man en del af et positivt ungdomsf√¶llesskab med plads til forskellige baggrunde ‚Äì nogle er studerende, andre holder sabbat√•r, er jobs√∏gende eller nye p√• arbejdsmarkedet. 
F√¶lles for de frivillige er √∏nsket om at blive en del af f√¶llesskabet og skabe et tryggere (og sjovere) natteliv for unge.  
",TRUE,,N/A,N/A,N/A,https://socialtansvar.dk/indsats/unge-ravne/,,,,,,,,,
3,FSK - foreningen for samtidskunst,"Foreningen for Samtidskunst (FSK) er en projektdrevet, frivillig forening, som br√¶nder for at fremme samtidskunst gennem kunstprojekter og -udstillinger. FSK har s√¶rligt fokus p√• at skabe muligheder for, at unge kunstnere og kuratorer kan tilegne sig erfaringer af professionel karakter. 
Som frivillig hos FSK betaler man et √•rligt kontingent p√• 100kr, og foreningen tilbyder mange forskellige m√•der at engagere sig p√•. Frivillige har mulighed for at blive en del af et mere kortsigtet projekt, men det er ogs√• muligt at f√• et fast arbejdsomr√•de.  
",TRUE,,N/A,N/A,N/A,http://foreningenforsamtidskunst.dk,,,,,,,,,
4,Galleri Tese,"‚ú®Exhibition Gallery for contemporary art, authentic expression and collective reflection - by two artists and curators in Aarhus",FALSE,,Vestergade 49 8000 Aarhus C,56.15738409999999,10.2007413,www.facebook.com/galleriTESE,Artist-run exhibition space/collective,,,,,,,,
5,Huggeormen,"Huggeormen er en udend√∏rs skulpturv√¶rkstedsplads i Aarhus, som drives af kunstnere. Her er der plads til at udfolde de store kunstprojekter uden at skulle t√¶nke p√• processer, der larmer for meget, fylder, ryger, st√∏ver eller sviner. Huggeormen rummer alt det, som det normale atelier ikke kan. 
Huggeormen har hjemme hos Institut for (X) og tilbyder en r√¶kke faciliteter, som g√∏r det nemt at v√¶re skulpt√∏r. Det g√¶lder blandt andet en 40 fods container til opbevaring, overd√¶kning, str√∏m og trykluft, arbejdsborde, udend√∏rslys og meget mere. 
Udover v√¶rkstedspladsen arrangerer Huggeormen ogs√• forskellige arrangementer og kurser s√•som stenhugning, st√∏bning, raku- og pit-br√¶ndinger. Her er der rig mulighed for at netv√¶rke med andre kunstnere og dele viden med hinanden. 
Et medlemskab hos Huggeormen koster 200kr om √•ret. √ònsker man at afholde sine egne kurser, er det ogs√• muligt at leje sig ind hos Huggeormen mod betaling p√• 500kr. pr. dag.  
",TRUE,,Skovgaardsgade 5c 8000 Aarhus C,56.150300583739174,10.18810485424232,https://godsbanen.dk/2019/05/24/huggeormen/,Art production,institute-for-x,,,,,,,
6,Knud kiosk,Venue - front of house and back,FALSE,,J√ÜGERG√ÖRDSGADE 156S 8000 √Örhus C,56.14668732808971,10.209431572884691,,Venue,,,,,,,,
7,Kulbroen,Kulbroen is a space in a former industrial area serving as home for creative and cultural projects,FALSE,,"Kalkv√¶rksvej 5G, 8000 Aarhus C",56.1490117,10.2106445,www.kulbroen.com,Cultural venue/organisation,,,,,,,,
8,Operation 8,,FALSE,,"Skovgaardsgade 5C 8000 Aarhus, Denmark",56.15173222571381,10.191199337266411,https://www.facebook.com/operation8dk/,"Iv√¶rksetteri, samlested, events, l√¶ring",institute-for-x,,,,,,,
9,Palmehaven,,FALSE,,"Skovgaardsgade 5C 8000 Aarhus, Denmark",56.15174888437461,10.192062990591833,https://www.facebook.com/people/Palmehaven/100057464588228/,,institute-for-x,,,,,,,
10,PAP (performning arts platform),"PAP er en platform for scenekunst, der har fokus p√• at samle og facilitere scenekunstakt√∏rer i Aarhus. Man kan blive medlem af PAP og f√• adgang til at booke lokaler og f√• rabat p√• en r√¶kke arrangementer i l√∏bet af √•ret. Yderligere afholder PAP ogs√• om onsdagen et event kaldet ""morgenbriefing"", hvor de inviterer en g√¶st ind til at holde opl√¶g med efterf√∏lgende dialog med dertilh√∏rende morgenmad. Morgenbriefingen er for alle og efter opl√¶get er man velkommen til at h√¶nge ud, drikke en ekstra kop kaffe og netv√¶rke, hvis man har lyst. ",FALSE,,"Valdemarsgade 1.G, 1.tv, 8000 Aarhus C",56.1519273,10.1998255,http://theplatform.dk/da/forside/,,,,,,,,,
11,PERFORMANCErum,Artistic collective organising events with a focus on performance,FALSE,,"Vogn 1, Godsbanen, Skovgaardsgade 3, 8000 Aarhus C",56.15364613417005,10.193494457497854,www.performancerum.blogspot.com,"Artistic collective (art, music, events)",,,,,,,,
12,Rum46,Artist-run artspace in Aarhusüå± In 2021 rum46 will be hosting exhibitions with art from/about Greenland in collaboration with @nuukartmuseum and √ÖFCo,FALSE,,"Studsgade 46, st. tv. 8000 √Örhus C, Denmark",56.1602775,10.2117858,www.rum46.dk,Artist-run exhibition space/collective,,,,,,,,
13,Scenekunst Huset,,FALSE,,"Tage-Hansens Gade 5e, 8000 Aarhus",56.1574751,10.1841098,https://www.scenekunsthusetaarhus.dk,,,,,,,,,
14,Sein Magazine Aarhus,"SEIN er et kreativt f√¶llesskab for unge af unge. SEIN er et webmagasin som udkommer dagligt med historier fortalt p√• lyd, i billeder, skrevet, r√•bt, filmet eller illustreret af folk fra redaktionen, l√¶sere eller i f√¶llesskab. Indholdet er personlige fort√¶llinger, som alle har ungdommen og √¶rligheden tilf√¶lles. ",FALSE,,"UKH, Tage-Hansens Gade 8B, 8000 Aarhus",56.15921376599989,10.18638040235921,https://seinmag.dk,,,,,,,,,
15,Sigrids Stue,"Art project and platform for contemporary art  in Gellerup, Aarhus.",FALSE,,Dortesvej 3 8220 Aarhus,56.1588012,10.1303446,www.sigridsstue.wordpress.com,Cultural venue/organisation,,,,,,,,
16,Super ,,FALSE,,"Mejlgade 53, 8000 Aarhus C",56.1601077774505,10.212273219145818,http://superaarhus.dk,Venue / cafe / nightclub ,,,,,,,,
17,The Kitchen,üíõWe help you build the startup of your dreams üó£1:1 services for startups at Aarhus University,FALSE,,"Universitetsbyen 14, 8000 Aarhus C",56.1666426,10.2104763,www.thekitchen.io,Cultural venue/organisation,,,,,,,,
18,Turkis,,FALSE,,"Vester All√© 15, 8000 Aarhus C",56.1557561,10.1988546,https://www.turkislive.com,,,,,,,,,
12,VVE Collective,VVE collective consists of ~15 women in Aarhus who are interested and engage with music and DJing. We are open for collaborations and new participants!,FALSE,,N/A,N/A,N/A,www.instagram.com/vve.collective,"Artistic collective (art, music, events)",,,,,,,,
20,Volume Village,"Aarhus Volume er en non-profit kulturforening. Aarhus Volume str√¶ber efter at lave ambiti√∏se musik- og kulturarrangementer. Foreningens √•rlige hovedevent er den h√∏jtelskede Gadefestival, hvor der udover musik ogs√• indbringes flere genrer som streetsport, mad og kunst.",FALSE,,"Thomas Koppels Gade 201, 8000 Aarhus C",56.14944882444033,10.18411979382411,http://www.aarhusvolume.com,,,,,,,,,
21,A Huset,,FALSE,,"Institute for (X), Skovgaardsgade 5C, 8000 Aarhus",56.15236549999999,10.1921931,,Venue,"music/stage venue,",,,,,,,
22,77m3 - rum for kunst,Exhibition space for contemporary art (possibly commercial?),FALSE,,"Thun√∏gade 1A, 8000 Aarhus C",56.1619862,10.2078525,www.instagram.com/77m3rum/,Gallery,,,,,,,,
23,Andromeda,"ANDROMEDA 8220 is a an independant art platform based in the neighborhood of Gellerup, Aarhus (DK)",FALSE,,Gudrunsvej 78 8220 Aarhus G,56.1559288,10.1354212,www.andromeda8220.dk,Cultural venue/organisation,,,,,,,,
24,Cafe Mellemfolk,,FALSE,,"1. sal, Mejlgade 53, 8000 Aarhus",56.15998760000001,10.2128776,https://www.ms.dk/mellemfolk,"Cafe, venue, activism",,,,,,,,
25,Domen,"Dome of visions er et opdateret forsamlingshus, hvor fokus er p√• at skabe grobund for kultur. Domen inviterer folk indenfor og √∏nsker at v√¶re et samlingspunkt. Alle er velkomne til at henvende sig, hvis de √∏nsker at benytte ""forsamlingshuset"" til afholdelse af et event. ",FALSE,,"Inge Lehmanns Gade, Pier 2, Aarhus √ò, 8000 Aarhus C",56.15806481843335,10.218546493332745,https://domen.aarhus.dk,"Venue,",,,,,,,,
,365 tekster,"365TEKSTER er et forlag. Men ikke et forlag i traditionel forstand! 365TEKSTER vil inspirere, nyt√¶nke, udfordre, bev√¶ge, overraske og sikre at litteraturen ikke kun er tilg√¶ngelig for vante litteraturforbrugere, men ogs√• n√•r frem og inspirerer dem, der ikke selv ops√∏ger litteraturen. Det g√∏r 365TEKSTER ved at f√• litteraturen ind i hverdagen og s√∏rge for at litteraturen er tilg√¶ngelig der hvor folk er, samt ved at skabe alternative m√∏der mellem litteraturen og publikum ved at benytte byrummet. ",FALSE,,"365TEKSTER, Godsbanen, Projektd√¶kket, Skovgaardsgade 3, 8000 Aarhus C",56.1535351,10.1938373,http://www.365tekster.dk,,,,,,,,,
,Alive Festival Aarhus (lokalafdeling),"I Thy ‚Äì i det vildeste vest ‚Äì ligger Alive Festival, der g√∏r alle dine forestillinger om det mulige og umulige til skamme. Festivalen er siden starten i 2009 l√∏bet af stablen hvert √•r i august, og blander et ambiti√∏s musikprogram p√• en intim festivalplads med Thys storsl√•ede natur og l√¶kker lokal √∏l og mad.",FALSE,,J√¶gerg√•rdsgade 154,56.1477748,10.2099781,https://www.alivefestival.dk,,,,,,,,,
,AMOK,"Artist collective who organize concerts, exhibitions and shares an open studio space",FALSE,,Rosenkrantzgade 1b 8000 Aarhus C,56.151823,10.2074193,amok.today,Artist-run exhibition space/collective,noise / music / performance venue,,,,,,,
,Annika Nuttall Gallery,"Annika Nuttall Gallery exhibits national and international contemporary art focusing on emerging artists primarily working in the field of minimalism, with a wondering of figuration vs abstraction, within painting and sculpture. ",FALSE,,Kystvejen 21 8000 Aarhus C,56.1590954,10.2134864,www.annikanuttallgallery.com,Gallery,,,,,,,,
,ARK,Art Magazine est. 1994,FALSE,,"Nordkapvej 13, 8200 Aarhus N",56.1771075,10.196262,www.arkmappen.dk,Publisher,,,,,,,,
,Aros Public,"ARoS udvider deres tilbud med Aros Public, hvor de skabt en legeplads for dig der interesserer dig for kunst. Aros Public er et sted hvor alle kan deltage, og udvide deres kunsthorisont ved at deltage i debatter, m√∏de de arbejdende kunstnere, se film og v√¶re kreativ. ",FALSE,,AROS ALL√â 2,56.1539075,10.1996761,https://www.aros.dk/aros-public/om-aros-public/,Museum,,,,,,,,
,Aros' (secret) library: the most amazing art book library you will find,,FALSE,,AROS ALL√â 2,56.1539075,10.1996761,,,,,,,,,,
,Art Bubble (comics festival),,FALSE,,"DOKK1, Hack Kampmanns Pl. 2, 8000 Aarhus C",56.1535693,10.2143501,https://art-bubble.dk,Festival,"tegneserier, comics, ",,,,,,,
,Art Weekend Aarhus,Art Weekend Aarhus er en kunstfestival i Aarhus med et program fyldt med sp√¶ndende s√¶rarrangementer rundt om i byen - som kun kan findes under [AWA]!,FALSE,,"Valdemarsgade 1G, 8000 Aarhus C",56.1517091,10.1990655,www.artweekend.dk,Event/festival,,,,,,,,
,Arternes Aarhus,"Arternes Aarhus giver by-naturen en stemme ved at tildele ‚Äúarts-ambassad√∏rer‚Äù til arter af dyr, planter og svampe, som lever i Aarhus. Indtil videre har 25 forskellige arter f√•et deres helt egen ambassad√∏r, heriblandt r√¶ven, egetr√¶et, sommerfuglen n√¶ldens takvinge og svampen satans r√∏rhat. Form√•let med at tildele arterne en ambassad√∏r er at give arten en stemme i den daglige debat blandt andet gennem deltagelse i borgerm√∏der samt at skabe fokus p√• arterne i medierne og gennem events. M√•let er, at lade naturen blive en del af demokratiet.",FALSE,,N/A,N/A,N/A,http://rodnet.org/om-arternes-aarhus/,,,,,,,,,
,Bassin 7,Bassin7 is a temporary culture and culinary area on AÃärhus √ò.,FALSE,,"Irma Pedersens Gade, 8000 Aarhus C",56.1643589,10.2269229,www.bassin7.dk,Cultural venue/organisation,,,,,,,,
,Black Box (Jimmy Sommer),,FALSE,,"Institute for (X), omr√•de K, Skovgaardsgade 5C, 8000 Aarhus","56.15025502928892, 10.187801272402016",10.187801272402016,,,institute-for-x,,,,,,,
,B√∏rnekulturhuset,"B√∏rnekulturhuset i Aarhus er udviklings- og kompetencecenter for b√∏rnekultur. B√∏rnekulturhuset st√•r i spidsen for nye projekter og indsatser p√• b√∏rnekulturomr√•det, udvikler kulturtilbud til daginstitutioner, skoler og familier i samarbejde med byens kulturinstitutioner og kunstnere. BKH giver √∏konomisk st√∏tte til kunst- og kulturprojekter for, med og af b√∏rn og unge. Har du derfor et projekt for b√∏rn, du mangler sparring og √∏konomisk st√∏tte til, s√• er BKH stedet at s√∏ge imod. ",FALSE,,"Valdemarsgade 1F, 8000 Aarhus C",56.1515239,10.2000113,https://boernekulturaarhus.dk,,,,,,,,B√∏rn og unge,
,C-Cube,"We empower Internationals and Danes to pursue their creative projects. Based in Aarhus, but collaborating globally, we are an incubator, a home, where you can kickstart your most personal visions. launching your own initiative, getting professional internship opportunities in culture, local and international bespoke network-weaving)",FALSE,,J√¶gerg√•rdsgade 154,56.1477748,10.2099781,www.c-cube.nu,Cultural venue/organisation,,,,,,,,
,Cantina,CANTINA is an artist run exhibition space run by members of studio collective Corporum.,FALSE,,"Skovgaardsgade 3, 8000 Aarhus C",56.15412394295697,10.194682983920666,www.cancancantina.xyz ,Artist-run exhibition space/collective,,,,,,,,
,Charlotte Fogh Gallery ,The gallery is located by the river right in the center of Aarhus in a historic Art Deco building from 1938. We host 7-8 exhibitions a year and have an exclusive artshop with both original works and editions.,FALSE,,√Öboulevarden 43 C 8000 Aarhus C,56.1563959,10.2059657,www.charlottefogh.dk,Gallery,,,,,,,,
,Clothing Club,,FALSE,,"UKH, Tage-Hansens Gade 8B, 8000 Aarhus",56.159317306791586,10.186507510576355,https://www.instagram.com/clothingclubaarhus/?hl=en,"Community, clothing library","Fashion, ",,,,,,,
,Club Curious,,FALSE,,"Frontl√∏berne, J√¶gerg√•rdsgade 154E, 8000 Aarhus",56.1474803424769,10.209998027091258,https://www.facebook.com/clubcurious,Events / h√•ndtv√¶rk / l√¶ring,,,,,,,,
,Corporum,"Corporum is an artist' association and studio collective. The association works to strengthen, develop and create favorable production conditions for young artists and the Aarhus art community.",FALSE,,"Skovgaardsgade 3, 8000 Aarhus C",56.1541451,10.1948717,www.corporum.dk,Artist-run exhibition space/collective,,,,,,,,
,Cypher Movement,Safe space for freestyle dancers to explore and exchange | Contribution over competition | Aarhus DK | non-profit association ,FALSE,,N/A,N/A,N/A,https://www.instagram.com/cypher_movementdk/?hl=en,,institute-for-x,,,,,,,
,Den Gode By ,"Den Gode By arbejder for at g√∏re det lettere at g√∏re en forskel i vores byer. M√•let er at samle alle der √∏nsker at bidrage til vore sbyer i et online samt offline f√¶llesskab for dermed at skabe de bedste rammer for lokal kreativitet og samskabelse mellem borgere, virksomheder og offentlige instanser. Det fysiske f√¶llesskab bliver i Aarhus kommunes kontorf√¶llesskab i Gellerup",FALSE,,"Karen Blixens Boulevard 21 8220, Brabrand",56.1603261,10.1342526,http://dengodeby.dk/#,Kontorf√¶lleskab ,,,14hele 16 halve ,22,,,,
,Det Gr√∏nlandske Hus Aarhis,Cultural organisation that informs about greenland and greenlandic culture ,FALSE,,Dalgas Avenue 52 8000 Aarhus C,56.1396636,10.2048802,www.groenlandskehus.dk,Cultural venue/organisation,,,,,,,,
,Det Jyske Kunstakademi,"The Jutland Art Academy is a self-governing educational institution under the Ministry of Culture, located in central Aarhus.",FALSE,,Mejlgade 32-34 8000 √Örhus C,56.1589734,10.212354,www.djk.nu,Education,,,,,,,,
,Det Turkise Telt,"Det Turkise Telt er en non-profit, almennyttig forening bygget p√• frivillighed, og med en st√¶rk tro p√• at musik, f√¶llesskaber og oplevelser er noget af det vigtigste vi kan give til hinanden. Med st√¶rke r√∏dder i det aarhusianske kulturliv fors√∏ger vi gennem √•bne arme og totale koncertoplevelser at g√∏re det fremmede mindre ukendt ‚Äì s√•vel musikken som vores medmennesker.",FALSE,,J√¶gerg√•rdsade 154c 1. sal tv.,,,https://www.detturkisetelt.dk,,,,,,,,,
,Dokk1,,FALSE,,"Hack Kampmanns Pl. 2, 8000 Aarhus ",56.1535428,10.2141811,https://www.dokk1.dk,"Venue, workspace, meeting rooms,",,,,,,,,
,Embassy,"Embassy is an international hub for art and electronic music based in Aarhus. We organize artist residencies, concerts, artistic projects and media.",FALSE,,N/A,N/A,N/A,www.instagram.com/embassy.residencies/,"Artistic collective (art, music, events)",,,,,,,,
,Ember music collective,,FALSE,,"Tage-Hansens Gade 2, bygning 9A, 8000 Aarhus",56.15905490000001,10.1848891,https://www.instagram.com/embermusiccollective/,,,,,,,,,
,Enter Artspace,"Artistrun project-space based in Aarhus, DK. OVERLAP graphic works by Munk&Jerichau, 12-27/11 2021. For info and opening hours go to our website.",FALSE,,"Montanagade 27, 8000 Aarhus C",56.1468304,10.2000588,www.enterartspace.dk,Gallery,,,,,,,,
,Fairbar,,FALSE,,"Klostertorvet 6, 8000 Aarhus",56.1585677,10.2063772,https://www.fairbar.dk,"Cafe, venue",,,,,,,,
,Favorite things ,,FALSE,,N/A,N/A,N/A,https://www.facebook.com/favoritethings.aarhus/,Club koncept / DJ kollektivet,,,,,,,,
,FEUM,"NOTE: De udlejer prof DJ gear. FEUM, Foreningen for Elektronisk Underground Musik - An association for Electronic Underground Music. An Aarhus based event platform supporting, creating and promoting electronic, underground and alternative music in Denmark. Techno, house, ambient.. ",FALSE,,"Institute for (X), Skovgaardsgade 5C, 8000 Aarhus",56.15236549999999,10.1921931,www.feum.net,"Artistic collective (art, music, events)",institute-for-x,,,,,,,
,Filmselvskab ,Filmselvskab er en non-profit organisation som har fokus p√• anderledes film - b√•de igennem kreative og kritiske workshops og filmvisninger med debat og opl√¶g. Filmselvskab holder til p√• Godsbanen og st√•r bag initiativer som Rethink Madkultur og Foodfilmfestival. ,FALSE,,N/A,N/A,N/A,https://www.facebook.com/Filmselvskab/,,,,,,,,,
,Fine Spind,"Fine Spind er et webmagasin om kultur. Her kan man g√• p√• opdagelse i artikler og fotoserier om scenekunst, litteratur, musik, kunstudstillinger, film, kulturhistorie og meget andet kultur. I webmagasinet finder du alts√• kvalitetskulturjournalistik i en blanding af artikler, interviews, portr√¶tter og fotoreportager. ",FALSE,,"Skovgaardsgade 3
8000 Aarhus C",56.1535351,10.1938373,https://finespind.dk/,,,,,,,,,
,Folkestedet,,FALSE,,"Carl Blochs Gade 28, 8000 Aarhus",56.1549304,10.1936807,,,,,,,,,,
,Food Maker,"Food Maker handler om madgl√¶de og f√¶llesskab. Alle unge mellem 16-28 √•r kan deltage i deres events - uanset om du kan finde ud af at poachere et √¶g eller om det giver sved p√• panden at hakke et l√∏g. Food Maker teamet er der en stor gruppe unge Food Makers, som sammen skaber ugentlige events og aktiviteter, hvor unge m√∏des og laver mad. Hos Food Makers tror man p√•, at n√•r ansvaret overdrages til unge, s√• bliver det mere attraktivt at engagere sig - derfor er der ingen faste skabeloner for et Food Maker event, men op til teamet selv at komme p√• nye id√©er! ",FALSE,,S√∏ren Frichs Vej 36G - 8230 √Öbyh√∏j,56.153439,10.177493,http://foodmaker.dk,,,,,,,,,
,Foreningen for Samtidskunst,"Open association for artists, curators and others, association for contemporary art",FALSE,,Sydhavnsgade 7 8000 Aarhus C,56.1446169,10.209813,www.foreningenforsamtidskunst.dk,Cultural venue/organisation,,,,,,,,
,"Fritter, Fad√∏l og Forestilling.",,FALSE,,N/A,N/A,N/A,http://www.frifadfor.dk,Teater kollektiv,,,,,,,,
,Frontl√∏berne,"Frontl√∏berne er et kulturelt projekthus. Her kan du l√∏bende blive en del af projekter i byen, leje en projektplads til dit projekt/forening i kontorf√¶llesskabet eller f√• en flex-plads hvis du mangler et go-to skrivebord og et f√¶llesskab at arbejde i. 
Frontl√∏berne tilbyder gratis sparring og har et godt netv√¶rk, du kan tr√¶kke p√•. Vores d√∏re er altid √•bne, og du er mere end velkommen til en kop kaffe og en snak ‚Äì eller til at arbejde med dit projekt i det store f√¶llesrum. At v√¶re frontl√∏ber er som at v√¶re opdagelsesrejsende. At v√¶re nysgerrig, fuld af h√•b og klar til at udforske nye, kulturelle territorier. Projekthuset holder til i Aarhus Sydhavn og er et milj√∏, der til enhver tid defineres af dem, der bruger huset. Platformen har underg√•et mange forandringer gennem √•rene men udgangspunktet har altid v√¶ret f√¶llesskabet. ",FALSE,,"J√¶gerg√•rdsgade 154C, 1. TV, 8000 Aarhus C ",56.14771229999999,10.2099217,http://www.frontloberne.dk,Cultural venue/organisation,,,,,,,Unge kulturskabere i alderen 18-30 ,
,Galleri Image,Galleri Image is a nonprofit exhibition space for photo-based art founded in 1977.,FALSE,,"Vestergade 29, 8000 Aarhus C",56.15747440000001,10.2028336,www.galleriimage.dk,Gallery,,,,,,,,
,Galleri Lene Bilgrav,"Gallery Lene Bilgrav was established in 2019. The gallery shows contemporary art by artists who works with a wide range of media such as painting, graphics, sculpture and installation. The gallery presents seven to eight exhibitions a year. ",FALSE,,Vestergade 56a 8000 Aarhus C,56.1575818,10.2013157,www.lenebilgrav.dk,Gallery,,,,,,,,
,Galleri V58,Gallery for Danish and international contemporary art located in Aarhus. Crossing the boundary between magic and realism without breaking it,FALSE,,Hans Hartvig Seedorffs Str√¶de 12 Aarhus C,56.153655,10.2042402,www.galleriv58.dk,Gallery,,,,,,,,
,Gellerup Art Factory,"Cirkus tv√¶rs, Gobaad, Sigrids Stue, Andromeda",FALSE,,"Karen Blixens Boulevard 23, Brabrand, Denmark",56.1601145,10.1346225,https://www.facebook.com/gellerupartfactory/,Kollektiv af akt√∏rer,,,,,,,,
,Gellerup Scenen,,FALSE,,"Gudrunsvej, 8220 Brabrand",56.1570966,10.1368028,https://www.facebook.com/people/Gellerupscenen/100076397527378,Scene / Venue,,,,,,,,
,Genlyd,Mangler du en fjerde mand til at spille kort? M√•ske en at g√• the volley med eller noget helt tredje? Genlyds hjemmeside fungerer lidt ligesom en opslagstavle bare i digital form. Du kan s√∏ge f√¶llesskaber og finde nogle som deler de samme interesser som dig. ,FALSE,,N/A,N/A,N/A,https://genlydaarhus.dk,,,,,,,,,
,Givisme / Varm velkomst Aarhus / Givisme Vognen,"Givisme er tankegangen om at man hver dag pr√∏ver at give andre noget - uden at forvente at f√• noget til geng√¶ld. Jonas Pindhund og Thomas Vovemod er makkerparret bag og deres givisme startede da de forvandlede en gammel biludlejningsforretning til Vanebrudspal√¶et ved Aarhus √Ö. Senere har de bygget Verner Bryder A/S med udend√∏rs terrasse som udl√•nes gratis til alle, der br√¶nder inde med en id√© til et arrangement eller et projekt, som m√•tte g√∏re gavn p√• den ene eller anden m√•de. Givisme st√•r ogs√• bag tiltaget Varm Velkomst Aarhus, som st√•r sammen om at byde nytilflyttere til Aarhus velkommen!",FALSE,,"S√∏ren Frichs Vej 20, 8000 Aarhus",56.1531349,10.1855924,https://www.facebook.com/GivismeAarhus/,,,,,,,,,
,Godsbanen,"Center for art, culture and creativity in the heart of Aarhus. Workshops for artistic production. ",FALSE,,Skovgaardsgade 3 8000 Aarhus C,56.1541451,10.1948717,www.godsbanen.dk ,"V√¶rksteder, udstillingsted, ",,,,,,,,
,GRISK,GRISK is a creative community working to strengthen entrepreneurial culture and creative industries ,FALSE,,Thorvaldsensgade 33a 8000 Aarhus C,56.1570465,10.1942125,www.grisk.dk,Galleri,,,,,,,,
,HAPS,"HAPS st√•r for Hele Aarhus' Poetry Slam. HAPS er digte, stand up, rap, sang og meget andet som bliver formidlet som r√∏rende, sjove, smukke, s√∏rgelige, provokerende og humoristiske tekster. Du kan opleve HAPS p√• forskellige aarhusianske barer og spillesteder. ",FALSE,,N/A,N/A,N/A,https://www.facebook.com/hapspoetry/,Interest organization ,,,,,,,,
,Hjerterum,,FALSE,,"Guldsmedgade 26 b, st, 8000 Aarhus C.",56.15931819999999,10.2078481,https://holistisk.org,,,,,,yes?,,,
,Ideas Lab - FilmbyAarhus,"Ideas Lab et netv√¶rk for et netv√¶rk af kreative sj√¶le og kompetencer. Ideas Lab er for dig som er kandidatstuderende og skriver et speciale som har en i√©d der kan bliver gjort kommerciel, nyuddannede som arbejdere videre med en id√© fra deres studietid, entrepren√∏rer i udvikling. Ideas Lab er er placeret i Filmbyen i Aarhus og er s√•ledes for dig som arbejder med digital experience, som eksempelvis spil, film, lyd, animation, 3D, mm. Som medlem af Ideas Lab for du adgang til kontor og m√∏delokale, sparring p√• dine ideer og arbejdsprocesser, adgang til udstyr (eks. VR), networking events, mentorordning, ",FALSE,,"Filmbyen 19, 2, 8000 Aarhus C ",56.1504151,10.2133169,https://filmbyaarhus.dk/english/industry-development/ideas-lab-incubator/,Kontorf√¶lleskab,,,,,,,,
,Id√©butikken,"Id√©butikken er en netv√¶rksbutik; et kompetencef√¶llesskab, hvor fokus er p√• vidensdeling, sparring og gensidig inspiration gennem netv√¶rk. Her m√∏des folk p√• tv√¶rs af relationer for at arbejde med deres id√©er. Id√©butikken kan ogs√• bruges til opl√¶g, m√∏der, events og til alle dine andre id√©er for kreativ aktivitet og vidensdeling. Id√©huset stiller rammerne til r√•dighed, s√• du kan dele og tilegne dig viden. Yderligere er det muligt at leje en kontorplads for billige penge - det med vilje, da √∏nsket er, at ALLE skal kunne v√¶re en del af Id√©butikken. ",FALSE,,"Frederiksgade 78C
8000 √Örhus C",56.1538014,10.2030116,www.idebutikken.net,Kontorf√¶lleskab,,,,,,,voksne id√©magere,
,Institut for X,"Institut for (X) is a culture, business and education platform founded in 2009. It is an independent and not-for-profit culture association arising from citizen initiatives.",FALSE,,Skovgaardsgade 5C 8000 Aarhus C,56.152383,10.1923227,www.institutforx.dk,Cultural venue/organisation,,,,,,,,
,Jacob Bjorn Gallery,,FALSE,,"Mejlgade 35A, 8000 Aarhus C Denmark",56.158945,10.212022,https://jacobbjorngallery.com/about,Gallery,,,,,,,,
,JALLA Festival,"to gange √•rligt, hvor b√•de professionelle og dygtige amat√∏rer inviteres p√• scenen i et stort performanceprogram, der g√•r p√• tv√¶rs af alder og kulturelle forskelle og rummer teater, musik, dans, sang og poesi.",FALSE,,Valdemarsgade 1H ¬∑ 8000 √Örhus C,56.15146859999999,10.2000661,https://opgang2.dk/VIDEN/JALLA-festivaler.aspx,Festival / teater,,,,,,,,
,Juxtapose Art Fair ,"Juxtapose Art Fair is a new gathering for artist-run exhibition spaces, artist collectives, art publications, online platforms, and other projects that fall outside the walls of museums and commercial galleries.",FALSE,,Skovgaardsgade 3 8000 Aarhus C,56.1541451,10.1948717,www.juxtaposeartfair.com,Event/festival,,,,,,,,
,Katapult Akadamiet,,FALSE,,Godsbanen,56.15373220170652,10.19481200752157,https://katapult.dk/katapult-akademiet/,L√¶ring,,,,,,,,
,KH7,KH7 is an art collective with a joined on-site exhibition space; KH7artspace. We are located at the southern end of Aarhus‚Äô harbour.,FALSE,,Sydhavnsgade 7 8000 Aarhus C,56.1446169,10.209813,www.kh7artspace.dk,Artist-run exhibition space/collective,,,,,,,,
,Klub22,"Former nightclub, currently a collective of DJ collectives with a studio at Frontl√∏berne",FALSE,,"Frontl√∏berne, J√¶gerg√•rdsgade 154C, 8000 Aarhus",56.14755468634977,10.209809460455288,https://klub22.com,"Events, colelctive of dj collectives",,,,,,,,
,Kras  ,,FALSE,,"Frontl√∏berne, J√¶gerg√•rdsgade 154C, 8000 Aarhus",56.14774815243759,10.210155017043315,https://kras.ninja,,,,,,,,,
,Kulturkapellet,"Kulturkapellet Aarhus er et nyt projekt, der udfolder sig i kapel-bygningen p√• det gamle Aarhus  Amtssygehus, og som har til form√•l at give unge fra det scenekunstneriske v√¶kstlag rammer og faciliteter til at udvikle og fremvise scenekunst i f√¶llesskab med andre kreative, foretagsomme og ambiti√∏se unge i Aarhus og omegn
",FALSE,,"Tage-Hansens Gade 2, bygning 5e, 8000 Aarhus, Denmark",56.15905490000001,10.1848891,https://www.kulturkapelletaarhus.dk,,,,,,,,,
,Kultur Kollektivet,"Kulturkollektivet arrangerer kulturbegivenheder p√• Gellerupscenen i Brabrand. Vi er her for at tilbyde oplevelser og skabe et kulturelt samlingssted i en mangfoldig bydel, der skal v√¶re et attraktivt sted at v√¶re og et aktiv for hele Aarhus. Vi er en almennyttig erhvervsdrivende forening, der drives af frivillige og ikke har til form√•l at fremme medlemmernes √∏konomiske interesser.",FALSE,,Gudrunsvej 78,56.1559288,10.1354212,https://kulturkollektivet.dk/om/,Events ,,,,,,,,
,Kultursalonen Aarhus,"Kultursalon Aarhus genindf√∏rer traditionen om kultursaloner fra 1700-1800 tallet. Kultursalonens s√¶rlige oplevelse udg√∏res af et sammenspil af de kunstneriske indslag og de konversationer som opst√•r imellem indslagene, der yderligere forst√¶rkes af anretninger med mad og vin. Du kan man andre ord p√• uformel vis opleve teater, musik, dans, digtopl√¶sning og komme p√• en kulturel rejse tilbage til 1800 tallet i selskab med andre. ",FALSE,,N/A,N/A,N/A,https://www.kultursalonaarhus.com,events ,,,,,,,,
,Kunsthal Aarhus ,One of the eldest and most recognized public art institutions in Denmark dedicated to contemporary art and visual culture.,FALSE,,"J. M. M√∏rks Gade 13, 8000 Aarhus",56.1550597,10.2019263,www.kunsthalaarhus.dk,Museum,,,,,,,,
,K√òN - Gender Museum  Denmark,K√òN ‚Äì Gender Museum Denmark. ,FALSE,,Domkirkepladsen 5 8000 Aarhus C,56.1572993,10.2114782,www.konmuseum.dk,Museum,,,,,,,,
,LGBT Huset,LGBT fokuseret kulturhus,FALSE,,"Vester All√© 8, FO-byen, 8000 Aarhus C",56.1538346,10.2017428,https://lgbthusaarhus.dk/en/lgbthuset-english/,,,,,,,,,
,Live magasinet,Livemagasinet communicate good stories on a stage.,FALSE,,Vestergade 49B 8000 Aarhus C,56.1571417,10.200726,www.livemagasinet.dk,events,,,,,,,,
,Lynfabrikken,"Hos Lynfabrikken tilbyder de et workspace kaldet Office Hotel. Deres visionen med dette kreative kontorf√¶llesskab er, at de tror p√• at sp√¶ndende ting kan opst√•, n√•r man s√¶tter folk sammen, som under andre omst√¶digheder ikke ville m√∏des. Hvilket projekt man arbejder med er ikke vigtigt - alle er velkomne i f√¶llesskabet. P√• Lynfabrikken finder du ogs√• en caf√©, som udover god kaffe, ogs√• tilbyder, at man kan sidde i caf√©en og arbejde. Her sidder b√•de studerende og laver gruppearbejde, mens ogs√• erhvervsdrivende bruger caf√©en til at arbejde. ",FALSE,,"Vestergade 49, 8000 Aarhus C",56.15738409999999,10.2007413,www.lynfabrikken.dk,Caf√© ¬∑ Workspace ¬∑ Gallery ¬∑ Rental meeting rooms ‚Ä¢ Photo studio ‚Ä¢ Freitag store ‚Ä¢ Podcast studio / Mon-Sun 8-late‚ö°Ô∏è #lynfabrikken,,,,,,,Unge og erhvervsdrivende,
,Materielg√•rden,"Studios for professional visual artists living in Aarhus, DK, working with painting, sculpture, photography, video, performance and land art.",FALSE,,"Teglv√¶rksvej 3, 8382 Hinnerup",56.2717196,10.0734248,www.instagram.com/materielgaarden,Art production,,,,,,,,
,Mezzanine,"Mezzanine is an artist-run exhibition space in Risskov, Aarhus. It is run by Nils Buksted and Tobias Just.",FALSE,,"Harald Selmers Vej 42, 8240 Risskov",56.185123,10.226284,www.mezzzzanine.net,galleri,,,,,,,,
,Mono,,FALSE,,"Tomsagervej 25
8230 √Öbyh√∏j",56.1446449,10.1565307,https://www.mono.dk,√òvelokaler,,,,,,,,
,Museum Ovataci ,Museum of Art and Psychiatry,FALSE,,"Katrinebjergvej 81, 8000 Aarhus",56.172522,10.1941552,www.ovartaci.dk,Museum,,,,,,,,
,Natur Retur,"Foreningen Natur Retur er et naturformidlingsinitiativ i Aarhus, der √•ret rundt g√∏r naturen mere tilg√¶ngelig for alle. Natur Retur udbyder en r√¶kke forskellige typer af ture hver m√•ned, hvor frivillige v√¶rter tager aarhusianerne med p√• naturoplevelser i og omkring Aarhus. ",FALSE,,"Institute for (X), Skovgaardsgade 5C, 8000 Aarhus C",N/A,N/A,https://www.natur-retur.dk,Events,,,,,,,,
,Opgang 2,"Opgang 2 er en selvejende kulturinstitution med forskellige afdelinger, som arbejder b√•de selvst√¶ndigt og sammen. En af disse afdelinger er Opgang2 Ungdomsspor, som er et aktiveringstilbud for unge p√• kontanthj√¶lp. Her kan de unge samarbejde med professionelle kunstnere indenfor teater, musik og kunst, samt f√• st√∏tte og vejledning af ungdomssporets vejledere til at komme videre i job og uddannelse. ",FALSE,,"Frederiks All√© 20, 8000 Aarhus C",56.1515248,10.1999161,http://opgang2.dk,,,,,,,,For unge,
,Output Festival,"OUTPUT is a non-commercial organisation/multi cultural platform working to promote and develop young artists in Denmark. We do festivals, workshops, networking, etc. OUTPUT welcomes all styles and genres.",FALSE,,"Tage Hansens Gade 8B, 8000 Aarhus C",56.1592123,10.1863786,https://outputaarhus.dk,Event/festival,,,,,,,,
,Pakhus64,"Artist collective, exhibition space and art-hangout.",FALSE,,Frederiks All√© 64 8000 Aarhus,56.149828,10.198318,www.pakhus64.dk,Artist-run exhibition space/collective,,,,,,,,
,Pana Radio,,FALSE,,"Frontl√∏berne, J√¶gerg√•rdsgade 154C, 8000 Aarhus",56.14776329999999,10.210007,https://www.instagram.com/pana.radio/?hl=en,,,,,,,,,
,Passion Udflugt,"(youth exchanges across Europe, fundraising advisory on Eramus+)",FALSE,,N/A,N/A,N/A,https://www.facebook.com/passionudflugt/,,,,,,,,,
,Promus (Produktionscenteret for Rytmisk Musik i √Örhus.),"PROMUS laver en r√¶kke aktiviteter for v√¶kstlaget indenfor prim√¶rt musikbranchen i Aarhus. Promus st√∏tter iv√¶rks√¶tteri, giver r√•dgivning og sparring og har organiseret en mentorornding, hvor nye akt√∏rer kan f√• hj√¶lp af etablerede akt√∏rere. Promus arrangerer ogs√• kurser, debatter- og panelaftener omkring aktuelle emner indenfor musikbranchen. Yderligere har Promus projektpladser, hvor man kan leje sig ind samt 3 produktionsrum, der kan bruges til pr√¶sentationer, indspilning og produktion. Arbejder du med et musikprojekt, s√• er PROMUS' f√¶lleskontor ogs√• en mulighed. Her kan man leje sig ind p√• en af de 10 skrivebordspladser i det f√¶lleskontor og f√• mulighedf for sparring, r√•d og deltage i kurser. ",FALSE,,"Vester All√© 15, 8000 Aarhus C",56.1557561,10.1988546,www.promus.dk,??,,,,,,,"Bands, artister, projekter og virksomheder, som er bosat i Aarhus",
,Quonga Festival,Teater festival,FALSE,,"Skovgaardsgade 3
DK-8000 Aarhus C",56.1541451,10.1948717,,"Festival, teater",,,,,,,,
,Radar,,FALSE,,"Skovgaardsgade 3
DK 8000 Aarhus C",56.153186766478,10.193992342100128,https://radarlive.dk,Venue,,,,,,,,
,Radiohuset Aarhus,"Radiohuset Aarhus er hjemsted for fire lokale radiostationer i Aarhus; Radio Bazar, Gellerup Radio, Aarhus Lokalradio og UngdomsRadio. De fire stationer er uafh√¶ngige og alle st√∏ttet af Kulturministeriet. Radiostationerne har deres egen profil og m√•lgruppe, men  samarbejder omkring deling af studier,  husets mobile radiostudie og andre faciliteter. ",FALSE,,"Ved Lunden 9, st. DK-8230 √Öbyh√∏j",56.1417584,10.1495852,http://www.radiohusetaarhus.dk,Radio,,,,,,,,
,Reparationskonsortiet ,,FALSE,,"N. J. Fjordsgade 2F, 8000 √Örhus C",56.1443238,10.1985715,https://www.reparations.konsortiet.dk,"V√¶rksted, fix alt",,,,,,,,
,Reuse ,"P√• Reuse kan du finde aflagte ting og sager, som du kan tage med dig hjem - helt gratis. Form√•let med Reuse er at give disse ting en ekstra chance for at undg√• at blive til affald. Tingene kommer faktisk ogs√• fra dig, for enten har du selv afleveret dem hos Reuse eller ogs√• har du afleveret dem til os gennem en genbrugsstation.   ",FALSE,,"J√¶gerg√•rdsgade 170, 8000 Aarhus",56.14710071736798,10.211214560692977,https://affaldvarme.aarhus.dk/affald-og-genbrug/genbrugsstationer/reuse/#4,Free stuff!!,,,,,,,,
,Rewild Aarhus,,FALSE,,Institute for (X),56.15236549999999,10.1921931,https://www.facebook.com/groups/5279777528714319/,,institute-for-x,,,,,,,
,Sager der samler,"
Ved Sager der Samler er kerneform√•let at skabe et sted, hvor man bakker hinanden op i at skabe forandring i hverdagen. De kalder sig for hverdagsaktivister ‚Äì og st√•r bag en lang r√¶kke nyskabende initativer ‚Äì eller ‚Äúsager‚Äù. Sager der Samler holder til i Vestergade 43 midt i Aarhus. I dagligdagen er de 10-15 personer, som s√∏rger for at holde stedet √•bent og f√¶llesskabet levende. Foreningen har omkring 80 medlemmer, og der er et par hundrede mennesker involveret sagerne. I Sager der Samlers netv√¶rk er der mange hundrede mennesker fra alle dele af lokalsamfundet ‚Äì fra byens virksomheder, kommunen, regionen, foreninger og ganske almindelige borgere. Du kan v√¶re med i Sager der Samler ved at starte din egen sag eller v√¶re med til at bakke op om andres. Du kan ogs√• blive en del af hverdagen og hj√¶lpe med at drive stedet ‚Äì enten ved at v√¶re i praktik eller bruge noget af din fritid eller arbejdstid p√• at engagere dig i f√¶llesskabet.",FALSE,,"N. J. Fjords Gade 2, Bygning D, 8000 Aarhus",56.1442309,10.1978736,http://sagerdersamler.dk,"Workspace, projekt f√¶lleskab, ",,,,,,,"Unge og voksne iv√¶rks√¶ttere, idemagere og kulturskabere",
,SEEK Festival,,FALSE,,"Marselisborg Havnevej, 8000 Aarhus",56.13800784305276,10.211956619754735,,,,,,,,,,
,Scenekunsthus Aarhus,"Scenekunsthus Aarhus er en platform for den uafh√¶ngige scenekunst i Aarhus. Scenekunsthus Aarhus er skabt i h√•bet om, at danne et naturligt samlingspunkt for grupper og individuelle scenekunstud√∏vere i v√¶kstlaget, og de √∏nsker dermed at v√¶re b√•de et v√¶rested og et v√¶rksted for scenekunstens v√¶kstlag i Aarhus.
Huset stiller b√•de √∏velokaler, en forestillingssal til visning af forestillinger for publikum, et rekvisitopbevaringsrum, kontor og m√∏delokaler til r√•dighed 
S√• mangler du et √∏velokale, et sted at spille din gruppes forestilling, et sted af afholde en reading eller har du en ny og sp√¶ndende id√©? S√• st√•r scenekunsthusets d√∏re √•bne for lige netop dig!
",FALSE,,"Knudrisgade 5, 8000 Aarhus C",56.1625768,10.2119569,http://www.scenekunsthusaarhus.dk,,,,,,,,For alle der er interesserede i scenekunst. ,
,SE! udstilligsrum,Commercial exhibition space,FALSE,,Hendrik Pontoppidans Gade 34 B 8000 Aarhus C,56.142477,10.205436,www.se-rum.dk,Gallery,,,,,,,,
,Sidesporet ,"Sidesporet er en non-profit forening som holder til p√• Godsbanen. De beskriver sig selv som et fristed, hvor unge kan h√¶nge ud, og har yderligere en containerbar, hvor man kan v√¶re frivllig. ",FALSE,,"Thomas Koppels Gade 39, 8000 Aarhus",56.1500929,10.1846682,https://www.facebook.com/FMSsidesporet/,Venue / community center,,,,,,,,
,Skateducate,"Skateducate laver skateboard workshops, events og camps - kun for piger. Her bruges skateboarding som et l√¶ringsv√¶rkt√∏j. M√•let er at skabe et f√¶llesskab, hvor piger kan f√∏le sig trygge. Skateducates v√¶rdier er socialt f√¶llesskab, vedholdenhed og det at turde at fejle - ogs√• foran andre. ",FALSE,,"Institute for (X), Skovgaardsgade 5C, 8000 Aarhus",56.15167533521927,10.191891567407088,http://skateducate.com,,,,,,,,,
,Skolen for Kunst og Design,,FALSE,,"Klosterport 4
8000 Aarhus C",56.15938939999999,10.2065021,https://kunstogdesign.dk,L√¶ring,,,,,,,,
,Slagterhal 3,Underground Movie Theater,FALSE,,"Mejlgade 50, 8000 Aarhus",56.1598087,10.2130432,,,,,,,,,,
,SOLAR STUDIO,,FALSE,,"Vestergade 45 8000 Aarhus, Denmark",56.15747472912634,10.201118631869214,https://www.facebook.com/people/SOLAR-Studio/100087389019204,Udstillingssted / kollektiv,,,,,,,,
,Spanien19C,The exhibition space Spanien19C is a nonprofit artist administrated space in Aarhus showing a high quality contemporary art. The space was established 1998.,FALSE,,"Kalkv√¶rksvej 11A, 8000 Aarhus C",56.15014859999999,10.2110618,www.spanien19c.dk,Udstillingsted ,,,,,,,,
,Sports og Kultur Kampus,"Venue, workshop lokaler, ",FALSE,,"Karen Blixens Boulevard 23-27, Brabrand, Denmark",56.1601145,10.1346225,https://sportsogkulturcampus.aarhus.dk,"Samlingshus, bibliotek,",,,,,,,,
,SquareOne,"Square One er et iv√¶rks√¶tter-f√¶llesskab i Gellerup/Aarhus V/Brabrand, hvor iv√¶rks√¶ttere kan teste, udvikle og v√¶kste deres id√© eller start-up. I centrum af det nye Gellerup udlejer vi kontor- og v√¶rkstedspladser, der fungerer som et kreativt epicenter for mennesker med virketrang og virksomheder med v√¶kstpotentiale.",FALSE,,"Karen Blixens Boulevard 21, 8220 Brabrand DK",56.1603261,10.1342526,https://squareone.work,"Kontorf√¶llleskab, kollektiv af iv√¶rksettere",,,,,,,,
,Storage,Exhibtion space in a closet,FALSE,,"Langen√¶s Alle 57, 1. tv., √Örhus C",56.1410224,10.1795319,www.instagram.com/storage_officiel,Artist-run exhibition space/collective,,,,,,,,
,SUPER,Record shop / radio / caf√© / bar,FALSE,,Mejlgade 53 8000 Aarhus C,56.15998760000001,10.2128776,www.superaarhus.dk,Cultural venue/organisation,,,,,,,,
,Tiny Planet FM ,,FALSE,,Institute for (X),56.15236549999999,10.1921931,https://www.facebook.com/TinyPlanetFM/,Events,institute-for-x,,,,,,,
,UAC - useful art for communities,"UAC‚Äôs goal is to bring socially-oriented art to the streets, to each individual house, and to the institutions and governments. Our art promotes such things as collective action, active participation and community care in public spaces, that enriches understanding of everyday life and of today‚Äôs world.",FALSE,,"Omr√•d K, Institute for (X), Skovgaardsgade 5C, 8000 Aarhus",56.1502381496735,10.188090210792113,https://uacartplatform.com,Events,,,56.150.228.750.609,10.188.271.185.367.100,,,,
,UKH (Ungdoms Kulturhus Aarhus),"UKH er et kulturhus hvor unge i alderen 15-25 √•r kan m√∏des. UKH tilbyder v√¶rksteder i form af √∏velokaler, atelier, dansesal, som man frit kan afbenytte. I UKH elsker de fede projekter, s√• derfor ser de gerne, at man benytter husets faciliteter til sine projekter/aktiviteter - eksempelvis koncerter. I UKH kan man yderligere f√• sparring samt lidt √∏konomisk st√∏tte til sine projekter. ",FALSE,,"Tage-Hansens Gade 8B, 8000 Aarhus",56.1592123,10.1863786,www.ungdomskulturhuset.com,Cultural venue/organisation,,,,,,,Unge i alderen 15-25 √•r. ,
,UngK,"De f√∏rste spadestik til at skabe en ungdomskirke for de 18-30 √•rige i Aarhus blev taget i 2009, og i 2013 blev UngKs f√∏rste pr√¶st ansat. Lige siden har vi arbejdet med at skabe det, som vi kender ved UngK i dag, nemlig en anderledes udgave af folkekirken, hvor vi har skiftet kirkeb√¶nkene ud med sofaer og yogam√•tter, hvor du i stedet for gudstjenester kan komme til alternativer til gudstjenester, eftert√¶nksomhed, koncerter, h√∏jskolesang, f√¶llesspisning og meget andet, og hvor du altid er velkommen til at komme forbi til en kop kaffe eller en kold √∏l eller sodavand.  
  
UngK er en del af Folkekirken, men din religi√∏se overbevisning er er din egen ‚Äì og du er hjertelig velkommen uafh√¶ngig af, om du har en tro eller ej. UngK danner rammen for mange forskelligartede arrangementer. ",FALSE,,"N√∏rre All√© 23 K, 8000 Aarhus",56.1600057,10.2068405,https://www.ungk.dk,Venue,,,,,,,,
,Vhs-fabrikken,"Video-art collective from Aarhus. Visual effects, live visuals, tv installations, workshops and more üì∫",FALSE,,Rosenkrantzgade 1b 8000 Aarhus C,56.151823,10.2074193,www.vhs-fabrikken.dk,"Artistic collective (art, music, events)",,,,,,,,
,VINKaarhus,"VINKaarhus er et online kulturmagasin med forankring i det aarhusianske kulturmilj√∏. VINK har fingeren p√• v√¶kstlagets puls og har herunder en grundl√¶ggende interesse for de mange kreative iv√¶rks√¶ttere og kulturelle frontl√∏beres projekter i byen. Vink er meningsdannende, debatskabende og har et √∏nske om at s√¶tte tanker i gang hos deres l√¶sere. ",FALSE,,"J√¶gergaardsgade 154 C, 1. tv.","56.147761594662654, 10.21006995529987",10.21006995529987,http://www.vinkaarhus.dk,,,,,,,,,
,√òl og Tegning,,FALSE,,N/A,N/A,N/A,https://www.facebook.com/oelogtegning/?locale=da_DK,Events / h√•ndtv√¶rk / l√¶ring,,,,,,,,
,Aarhus Arab Film Festival,"Aarhus Arab film festival‚Äôs goal is to show the vast diversity of the Arab world by providing an insight into Arabic films, cultures and thoughts through the organization of an internationally-oriented film festival aimed at a Danish audience, with the best of the Arab film world.",FALSE,,N/A,N/A,N/A,www.aaffdk.com/home/,Event/festival,,,,,,,,
,Aarhus Architecture Festival,Annual architecture festival organised in collaboration with CAF (Copenhagen Architecture Festival) ,FALSE,,"Paradisgade 7-9, 8000 Aarhus C",56.16012000000001,10.209579,www.linktr.ee/aarhusarchitecturefestival,Event/festival,,,,,,,,
,Aarhus Art Book and Zine Festival,,FALSE,,N/A,N/A,N/A,https://www.facebook.com/abzeen/,,,,,,,,,
,Aarhus Artspace,"Annual art festival for experimental, contemporary art. Non-profit.",FALSE,,N/A,N/A,N/A,www.aarhusartspace.com,Cultural venue/organisation,,,,,,,,
,Aarhus Billedkunstcenter,Aarhus Billedkunstcenter (AaBKC) is a professional meeting place for artist development in Aarhus and the Mid Jutland region.  ,FALSE,,"Skovgaardsgade 3, 8000 Aarhus C",56.1541451,10.1948717,www.aabkc.dk,Education,,,,,,,,
,Aarhus Festuge,"Kultur, fest og sk√∏nne oplevelser i 10 dage üé≠üé™üé∂ ‚û°Ô∏è 26. august - 4. september 2022 ‚û°Ô∏è Tema: ‚ÄúIn It Together‚Äù",FALSE,,N/A,N/A,N/A,www.aarhusfestuge.dk,Event/festival,,,,,,,,
,Aarhus Filmv√¶rksted,"Aarhus Filmv√¶rksted er et √•bent filmv√¶rksted, som st√∏tter ikke-kommerciel filmproduktion, med det hovedform√•l at finde og udvikle nye filmiske talenter i den vestdanske region. V√¶rkstedets hovedopgave er at st√∏tte nye, fortrinsvis unge, filmtalenter i deres faglige og kunstneriske udvikling, med det prim√¶re form√•l at hj√¶lpe dem til uddannelse eller besk√¶ftigelse inden for filmbranchen. St√∏tten kan gives efter ans√∏gning om filmst√∏tte til Filmv√¶rkstedet, og kan best√• i konsulenthj√¶lp og produktionsudstyr. V√¶rkstedet st√∏tter √•rligt op mod 40 produktioner, med hovedv√¶gten lagt p√• korte fiktionsfilm. Aarhus Filmv√¶rksted har t√¶tte relationer til det omkringliggende produktionsmilj√∏, samt uddannelses- og kulturinstitutioner. Desuden huser Aarhus Filmv√¶rksted den alternative filmuddannelse Super8, Potemkin Filmskole og film-ungdomsskolen Station Next.
Filmv√¶rkstedet er, og har v√¶ret, et springbr√¶t for mange nye filmskabere; B√•de id√©folkene som har f√•et mulighed for at producere deres f√∏rste film uden at g√¶lds√¶tte sig for resten af livet, og derefter er g√•et videre p√• Filmskolen eller til anden relevant uddannelse.
",FALSE,,"Skovgaardsgade 3, 8000 Aarhus C ",56.1541451,10.1948717,https://www.afv.dk/index.php,,,,,,,,"nye, fortrinsvis unge, filmtalenter i deres faglige og kunstneriske udvikling",
,Aarhus Kunstskole / Byh√∏jskolen,"Offering a progressive philosophy towards the nurturing of an artistic will, we aim to encourage confidence, perspective and originality in our students through the passionate channeling of teaching cultural history of art and its practices.",FALSE,,"Mejlgade 53, 8000 Aarhus C",56.15998760000001,10.2128776,www.aarhuskunstskole.dk,Education,,,,,,,,
,Aarhus Mini Maker Faire,Annual fair for makers,FALSE,,"DOKK1, Hack Kampmanns Pl. 2, 8000 Aarhus C",56.1535428,10.2141811,www.aarhus.makerfaire.com,Event/festival,,,,,,,,
,Aarhus Photobook Week,"Since 2014, Galleri Image and the Aarhus School of Architecture have collaborated on organising Photobook Week Aarhus (PWA), a yearly festival focused on the rapidly growing international interest in photobooks in recent years. Dates 2022: 6-9/10",FALSE,,N/A,N/A,N/A,www.photobookweek.org,Event/festival,,,,,,,,
,Aarhus School of Architecture,Aarhus School of Architecture,FALSE,,Exners Plads 7 8000 Aarhus C,56.1460465,10.202726,www.aarch.dk,Education,,,,,,,,
,"Aarhus Soup (networking support for early stage ideas, pitch preparation, small-scale fundraising)",,FALSE,,N/A,N/A,N/A,https://www.facebook.com/aarhus.soup,,,,,,,,,
,Aarhus Studenterradio,"Aarhus Studenterradio er lavet af studerende til studerende. Aarhus Studenterradio d√¶kker det lokale kulturliv intensivt og unders√∏ger gerne de afkroge af byen, som de store medier overser. Yderligere har radioen mulighed for at promovere den musik, som de landsd√¶kkende radioer ikke t√∏r sende ud p√• FM-b√•ndet - som eksempelvis lokale upcoming bands. Alle studerende kan blive en del af Aarhus Studenterradio - hvad end man er studerende p√• humanistiske eller naturvidenskabelige fakultet, l√¶rerseminariet, journalisth√∏jskolen, handelsh√∏jskolen og diverse h√•ndv√¶rkeruddannelser. ",FALSE,,"Nordre Ringgade 3, 8000 Aarhus C",56.17148299999999,10.2000215,http://aasr.dk,,,,,,,,,
